request_id,task_id,session_id,start_time,end_time,duration,success,error,response_count
1,19488777-9350-43e0-9242-d3c52ce70a22,aff2b7da-da4d-4099-bea5-de34b0346681,1745603648.6345658,1745603648.6345768,1.0967254638671875e-05,False,Session is closed,0
2,b9e1c2ac-d89f-42c9-9daa-5f70063ce122,0aaff439-284e-4664-b6ac-c68f52481e08,1745603648.634611,1745603648.634617,6.198883056640625e-06,False,Session is closed,0
3,bc636aac-0d43-4b38-a0d1-4bf4f16c3fff,af993a3b-2e55-49c5-81c5-fb6b536cf578,1745603648.634639,1745603648.6346428,3.814697265625e-06,False,Session is closed,0
4,49cc9970-6cf1-41e0-afb4-5336e4fdb331,b44b1b61-a975-4bc0-a95a-c1dd4222cdef,1745603648.634659,1745603648.634662,2.86102294921875e-06,False,Session is closed,0
5,80f7acf3-2327-4ab5-8f05-d86db6c5434a,d88b0677-ffd5-4bde-b3e8-2d4d54e70fbb,1745603648.634675,1745603648.6346781,3.0994415283203125e-06,False,Session is closed,0
6,c6e377e9-f9c7-4a94-9574-e6682feee0bd,102af529-1de5-4c16-86e2-5facfd83aa67,1745603648.634691,1745603648.6346931,2.1457672119140625e-06,False,Session is closed,0
7,e1015cd0-e0e3-46ff-bea6-12cf9d6f0e1c,2ec23eb2-b4d7-489c-9c2e-a31e84c017d5,1745603648.6347048,1745603648.634708,3.0994415283203125e-06,False,Session is closed,0
8,1587aef7-8496-409b-8f98-5a6d02c063c8,7a8a50b7-455b-4af4-8d89-46c27fce7138,1745603648.634721,1745603648.6347232,2.1457672119140625e-06,False,Session is closed,0
9,c7e49f17-728e-4103-b936-40396f0913c7,b52eabc3-7cdb-45f6-ae2e-f74a7b1869ea,1745603648.634735,1745603648.634738,2.86102294921875e-06,False,Session is closed,0
10,ec374590-8afa-4dc2-985d-8a3210fb4081,138c5e7e-f7e5-49f8-9a8f-ce03ba687b4d,1745603648.63475,1745603648.634752,2.1457672119140625e-06,False,Session is closed,0
11,1ccbdbf0-f01c-4f94-9301-c76cc2a52415,90bd02c7-3069-44a1-a5c1-1c8315cf9ed8,1745603648.634764,1745603648.634766,2.1457672119140625e-06,False,Session is closed,0
12,b6ecad21-e8b7-4f0d-a811-f0597b6d83d0,31423916-f521-4d6e-8799-fa417ddbd6bd,1745603648.634781,1745603648.6347861,5.245208740234375e-06,False,Session is closed,0
13,038c4ae7-15ed-4f94-9759-3ab4c5a50945,5480de70-e627-4713-9165-1617fd9952c9,1745603648.634799,1745603648.6348019,2.86102294921875e-06,False,Session is closed,0
14,459399b5-5600-4e9d-a467-5685affe1689,d57a4ee3-4567-492d-81b3-61bef97fb06a,1745603648.634815,1745603648.6348171,2.1457672119140625e-06,False,Session is closed,0
15,7126a72b-cd95-451b-8f16-3e2d402de90a,7a6cc3b3-bc5d-4e8d-ab06-e400c6512c6e,1745603648.634829,1745603648.634832,2.86102294921875e-06,False,Session is closed,0
16,f8147a5c-2a5f-4c1e-ada6-d8cff6f7cc10,85153365-af3c-4fd9-8822-0c22e05f698e,1745603648.6348438,1745603648.634846,2.1457672119140625e-06,False,Session is closed,0
17,4da966c5-3abf-468f-aac6-4b47088af6f0,ff1d259b-3cf5-4066-81ee-76edb2d5cb0b,1745603648.634857,1745603648.634859,2.1457672119140625e-06,False,Session is closed,0
18,02617790-2b53-4da7-8674-78eb6a7d8984,4ef022a1-cea1-457a-9b00-94c2183e7478,1745603648.6348941,1745603648.6349041,1.0013580322265625e-05,False,Session is closed,0
19,7c827d25-f126-476e-beb2-1a926a6a4475,4ba83295-ba43-4a4a-a775-7693a101ea07,1745603648.634932,1745603648.634937,5.0067901611328125e-06,False,Session is closed,0
20,30b72de7-0d36-4318-9509-fb2547b4caab,6442a833-f212-4144-86ed-de2d522f5053,1745603648.634953,1745603648.6349561,3.0994415283203125e-06,False,Session is closed,0
21,627c2894-c7d7-4b9e-840f-c1d1df4548c7,cb53f6b3-0a00-4a7f-8873-2d4ab4fcafa0,1745603648.634971,1745603648.634974,3.0994415283203125e-06,False,Session is closed,0
22,f915f138-e3d4-4511-99ce-be4646e85f5b,d29c9f97-bd28-467b-8f42-03a0c09e4171,1745603648.634986,1745603648.634989,3.0994415283203125e-06,False,Session is closed,0
23,4df7d676-c737-44e0-b210-670e2e83ce61,25505be5-5933-4f5d-afc5-5858941d8cfe,1745603648.6350012,1745603648.6350038,2.6226043701171875e-06,False,Session is closed,0
24,9af84a0c-06a6-4594-aee7-8d16db8bcc5f,be6efed5-e624-4177-a102-ff8ea8612bc2,1745603648.635016,1745603648.6350179,1.9073486328125e-06,False,Session is closed,0
25,a9b23f95-d961-4715-aad7-e9e9ea69a7f2,9cc77cee-21ff-433a-b333-1fd18ddb1533,1745603648.63503,1745603648.6350331,3.0994415283203125e-06,False,Session is closed,0
26,d37cda7d-2934-4037-99a7-2a9c3837d2e4,dc0497f9-e347-41b7-8f9c-a69b7a3bcc90,1745603648.635044,1745603648.635047,2.86102294921875e-06,False,Session is closed,0
27,1d145c50-ddf6-4074-a8bf-1aa51b562794,aa840d52-3fe3-4aac-bfff-f96f9928193d,1745603648.6350589,1745603648.635062,3.0994415283203125e-06,False,Session is closed,0
28,779e9976-efea-4224-b297-2d567373435e,ebe8152e-3eb0-40fe-b82a-ae456cd3b969,1745603648.6350741,1745603648.635076,1.9073486328125e-06,False,Session is closed,0
29,3e5c1917-7fb1-4b8f-bc2d-04ffb5f86cec,c582dd9f-fe2f-4ccd-8230-775de012955c,1745603648.635088,1745603648.6350908,2.86102294921875e-06,False,Session is closed,0
30,a0c65d27-c3ff-4f78-a058-2cd0e0f63169,be229242-5136-4324-8760-2cfbbba8ee02,1745603648.635102,1745603648.635104,1.9073486328125e-06,False,Session is closed,0
31,d2dbd990-8d0e-48e5-b3fb-388d5b67606a,758e4578-bb38-454c-86b2-e9c37fe8e56c,1745603648.635116,1745603648.635118,1.9073486328125e-06,False,Session is closed,0
32,2e8ebcd8-0cc0-4b2c-8bbc-ca7efcaf157d,f404fee4-f74a-44fb-ab6d-0f6e6b1b9ace,1745603648.635129,1745603648.6351318,2.86102294921875e-06,False,Session is closed,0
33,1e8b3087-c60e-46a5-935c-2dc8e9ae994f,05833d54-d507-49c2-bb98-0ff5563ff78e,1745603648.635144,1745603648.635146,1.9073486328125e-06,False,Session is closed,0
34,33e95425-ef04-474c-b081-7a42c78627ed,765d948a-b4d0-4e65-8cff-1d024e787e31,1745603648.6351879,1745603648.635202,1.4066696166992188e-05,False,Session is closed,0
35,5b2ffcf2-bcf0-414e-b2dc-09f16ab2962a,8956de8c-7a28-4aa5-99a0-937dfd1198b7,1745603648.635247,1745603648.635252,5.0067901611328125e-06,False,Session is closed,0
36,db42d8e3-e24a-40e3-a3e0-eb20477d9737,cc824b1c-7672-4bdd-9c88-f8532a7f3531,1745603648.6352699,1745603648.635274,4.0531158447265625e-06,False,Session is closed,0
37,b667debd-bbf2-483e-9c84-599fff04d5d8,404440e1-f9a2-4fcf-a234-d3cd202e2d8a,1745603648.635288,1745603648.6352909,2.86102294921875e-06,False,Session is closed,0
38,1672770d-b1b6-454f-9840-eb23d5dc575c,1ff33ab5-9f85-4fb5-b0c0-e805ddf7a839,1745603648.635305,1745603648.635307,2.1457672119140625e-06,False,Session is closed,0
39,c683ef72-62f0-4147-af85-d108601a8c5e,6dd1b7b4-e5db-4c21-b7c5-f1c2eb646e6a,1745603648.63532,1745603648.6353228,2.86102294921875e-06,False,Session is closed,0
40,bb308662-1aca-4b0a-be17-7ee805d78b61,761a6a68-0a30-4d01-8696-a83dd5cb1ab9,1745603648.635336,1745603648.635338,2.1457672119140625e-06,False,Session is closed,0
41,ab53e74e-11db-4ff6-94be-83b49fb93ea1,2eb85176-fa21-4756-9d41-e2cf4eb65f96,1745603648.635356,1745603648.6353579,1.9073486328125e-06,False,Session is closed,0
42,78164be6-b600-4693-89c9-d81fee454e6d,95a699d9-e272-4bb6-bca7-55cfaacbaa8b,1745603648.635371,1745603648.635374,3.0994415283203125e-06,False,Session is closed,0
43,f86110ef-d793-4ca5-9f80-899770dc0259,5b953b07-ad87-4a8b-9090-91c7676b8cf4,1745603648.6353862,1745603648.635391,4.76837158203125e-06,False,Session is closed,0
44,fe1f1b51-7ec9-40cd-a61b-5d8a19d0405e,59447383-c723-4a32-bc68-b0722988af08,1745603648.635404,1745603648.6354072,3.0994415283203125e-06,False,Session is closed,0
45,7fd9d49b-485c-48d5-97e2-e0423350eb67,5d11ee58-d0b3-42e4-aa99-c5cf3dbffee5,1745603648.6354198,1745603648.635422,2.1457672119140625e-06,False,Session is closed,0
46,1129b59e-1a25-4012-8094-fec29fe6c3d6,2ff80d56-8efe-485e-87ff-c6b817a7fc79,1745603648.635436,1745603648.635438,1.9073486328125e-06,False,Session is closed,0
47,4c30efd4-f9d9-48b4-be44-c8289b6be778,9b5165b6-65cc-404b-b1e6-6e5fd02ab754,1745603648.6354508,1745603648.635453,2.1457672119140625e-06,False,Session is closed,0
48,8e5afcf1-107a-451c-a108-b080e0ae3639,faad0f09-485f-4a89-a542-b2495096aba2,1745603648.635465,1745603648.635468,3.0994415283203125e-06,False,Session is closed,0
49,20ebbd9d-107a-4182-880d-97596e6c88af,26c5f3cb-779d-41e8-9c73-70c681f80719,1745603648.6354802,1745603648.635482,1.9073486328125e-06,False,Session is closed,0
50,8407ef29-4a97-43a8-a44f-3ca1b6c27ae6,55931280-bdcb-47af-99fe-41374747b1dc,1745603648.635494,1745603648.635496,1.9073486328125e-06,False,Session is closed,0
51,4f4fc1bb-2f09-4ab6-8961-0b8606e2b6c6,4c4a01d5-a5a3-4960-9b24-f5e604926f49,1745603648.635508,1745603648.635511,2.86102294921875e-06,False,Session is closed,0
52,cec9f861-a65b-4faf-9406-6bf6598b42b1,7522afb4-af6e-4af1-87e4-6ba969caf824,1745603648.635523,1745603648.6355252,2.1457672119140625e-06,False,Session is closed,0
53,1588b1e1-aaff-4a33-b1ea-c83601918057,cebf7cd1-31fa-4ee2-b1c7-2df4dca4f4d7,1745603648.635537,1745603648.635539,2.1457672119140625e-06,False,Session is closed,0
54,dfc8cd07-2371-4884-b62e-f33924e0fd51,8275b2f0-9f0f-4d66-b25d-be833f18caa2,1745603648.635551,1745603648.635554,3.0994415283203125e-06,False,Session is closed,0
55,22a8054f-9782-4879-ab04-6bbcc98bdcf8,ddbcd668-df0e-450e-8d80-9f975a35cc09,1745603648.635566,1745603648.6355681,2.1457672119140625e-06,False,Session is closed,0
56,ebfd1b69-f0e8-40dd-b0f4-fb0b39bc00e0,df780a68-b55e-4986-bcd2-11080de829b5,1745603648.6355798,1745603648.635583,3.0994415283203125e-06,False,Session is closed,0
57,a30457c2-8340-4a1b-9f00-6378affd537b,5d139400-8c16-4468-9038-e4f4ff90c845,1745603648.635595,1745603648.635597,1.9073486328125e-06,False,Session is closed,0
58,3ad31f14-363b-4e31-9343-cfee57a34b5b,eef3fbdf-7b50-49a9-8109-871ea41ee3f4,1745603648.63561,1745603648.635612,1.9073486328125e-06,False,Session is closed,0
59,8fad12c5-db67-45b4-8461-22711e5b0188,d9a6a5f8-caf6-48c9-9a48-b0242833ee91,1745603648.635625,1745603648.635627,2.1457672119140625e-06,False,Session is closed,0
60,c57efe71-e6dd-42ea-8f0d-06aadde08628,f63f92c7-cdc5-4319-a763-33c1ffe39277,1745603648.635639,1745603648.635641,2.1457672119140625e-06,False,Session is closed,0
61,f8459c30-505e-4906-9c5a-acda85408595,25023f38-d55c-44a6-9a73-2e0a53f37c19,1745603648.635654,1745603648.6356559,1.9073486328125e-06,False,Session is closed,0
62,19c087bf-fbb1-48bd-a37f-56d6284db962,483722ff-5224-47b3-ab27-ea2ec4a6afb0,1745603648.635668,1745603648.6356711,3.0994415283203125e-06,False,Session is closed,0
63,83491916-9c0e-4fb9-af12-4d09811f4c0c,25a7f2e7-cc0b-4f03-ba29-5b1afe007952,1745603648.635683,1745603648.6356852,2.1457672119140625e-06,False,Session is closed,0
64,32c36633-60d9-4654-95e4-b3199d7b1c96,7854a303-a0d3-400f-9a12-2d53a88cfe53,1745603648.635697,1745603648.635699,2.1457672119140625e-06,False,Session is closed,0
65,a190569d-9247-4bfa-b7a4-382e53a909ee,a4678763-6139-4a93-aaec-2c8fb872a5a5,1745603648.635711,1745603648.635714,3.0994415283203125e-06,False,Session is closed,0
66,011f8e62-a351-46c5-832d-1253c351dbbe,52a5e988-b4e7-4030-9508-dfe851cd2f3c,1745603648.635726,1745603648.6357288,2.86102294921875e-06,False,Session is closed,0
67,5ec6ed27-d4fa-43da-8d55-b0ac7c5fb34b,3466981a-4678-490b-b59b-450315831c2f,1745603648.635741,1745603648.635743,1.9073486328125e-06,False,Session is closed,0
68,ab3e8154-709d-4fb5-af99-67125266263f,7eb794bf-0d81-4213-a579-2fc64b23fbc9,1745603648.635756,1745603648.6357582,2.1457672119140625e-06,False,Session is closed,0
69,829eae19-52fb-4345-bad4-18a29c32bc31,1955c420-c450-4405-adea-bf762fdfa2d3,1745603648.63577,1745603648.635772,1.9073486328125e-06,False,Session is closed,0
70,99e360da-ee4f-4b23-839e-1f260936187f,780c6227-0692-4ac1-8dec-626777d060e4,1745603648.635784,1745603648.635786,2.1457672119140625e-06,False,Session is closed,0
71,4ad22b2b-a727-488f-a551-fd70786518b0,c6192d39-fa6b-439f-a2a9-5e078589c856,1745603648.635798,1745603648.635801,3.0994415283203125e-06,False,Session is closed,0
72,f984bb7c-b06b-4582-b335-85085eba90bc,dc029687-a929-4a93-aa50-b6da5caf3c73,1745603648.6358132,1745603648.635815,1.6689300537109375e-06,False,Session is closed,0
73,1974ffef-34e6-4341-9971-7bd8067d630e,139c60b3-5766-43aa-b815-b6c95a6f063b,1745603648.6358268,1745603648.635829,2.1457672119140625e-06,False,Session is closed,0
74,ea2a0b57-7a0e-485f-aea9-54191a6ba396,63945018-fa0e-4473-878a-93560611b15f,1745603648.6358411,1745603648.635843,1.9073486328125e-06,False,Session is closed,0
75,752dee64-5ef9-4ad1-8067-ffd91a9d3b22,77817a4f-f455-445b-9d39-1f1ea4a0352c,1745603648.635856,1745603648.6358578,1.9073486328125e-06,False,Session is closed,0
76,98c7fcc2-3db2-46d9-9bab-30ce1f1cbbae,cdad570a-c285-4997-abbe-641f0218f580,1745603648.63587,1745603648.635872,1.9073486328125e-06,False,Session is closed,0
77,23cb371a-3c05-455b-a0dd-8195196eef09,324ee175-76df-418a-a93f-cb4533852de0,1745603648.635884,1745603648.6358862,2.1457672119140625e-06,False,Session is closed,0
78,36ba1fbe-4012-41ed-8ada-2cbf536c32b0,3579ceab-a156-4d9c-ac16-13724dfaca4a,1745603648.6359,1745603648.635902,1.9073486328125e-06,False,Session is closed,0
79,f33606f4-db7f-4a57-839f-21bafd26d19b,7d58d853-2471-4241-918d-80b8bf94e90c,1745603648.635914,1745603648.635916,1.9073486328125e-06,False,Session is closed,0
80,035e831d-0c8e-4971-bbe4-662fc4c11fa6,b5ce2cb0-33a7-4dcd-9785-ed772b23ee50,1745603648.6359282,1745603648.63593,1.9073486328125e-06,False,Session is closed,0
81,b46ce182-dfad-4c35-9e59-89de71db34d7,f890bba2-81bf-4e12-80e8-95ccbd22d23c,1745603648.635942,1745603648.6359448,2.86102294921875e-06,False,Session is closed,0
82,0de23875-ff0a-4538-b58a-4f1fae5d5087,de70953b-3961-4c8e-b1fd-aa455c87f554,1745603648.635957,1745603648.6359591,2.1457672119140625e-06,False,Session is closed,0
83,359f1ff8-66eb-43da-ab5a-6e0c8e59a1f4,7c5ac6fc-30a3-4ccc-b05e-60c65e6d620a,1745603648.635971,1745603648.6359732,2.1457672119140625e-06,False,Session is closed,0
84,a384fa51-4056-4083-a7a8-ad37e957b278,c0a7c038-ef6e-49fb-bfe9-6525ebb376e3,1745603648.635985,1745603648.635987,2.1457672119140625e-06,False,Session is closed,0
85,fa465c98-e46b-4c7d-8622-b76798aa3bde,7e392c9b-3789-4795-8eba-20dad3a05090,1745603648.635999,1745603648.636001,2.1457672119140625e-06,False,Session is closed,0
86,1cf579ac-a8da-4389-b8bf-b50eb16a5e43,6933372b-434c-4c1f-8ed0-d4771f781fcf,1745603648.636014,1745603648.6360161,2.1457672119140625e-06,False,Session is closed,0
87,deb57c5c-3e59-4685-9318-a03a6ce9e013,ba420475-6691-45d7-91d6-8b7989ad7e3f,1745603648.6360278,1745603648.63603,2.1457672119140625e-06,False,Session is closed,0
88,4e5da45e-054a-4ab1-89de-3ea52ae6205d,68ddc00f-5611-4374-94cd-31f87f97baef,1745603648.6360419,1745603648.636044,2.1457672119140625e-06,False,Session is closed,0
89,ef2ee5a4-7004-453b-8cdd-18a53e2bd5e7,79654ec0-4f92-4cc5-b740-0331109ad7c5,1745603648.636056,1745603648.6360588,2.86102294921875e-06,False,Session is closed,0
90,9ec83213-ce2c-424b-893e-2792db6188ef,8240b0ef-e714-4e41-9f91-59f451f08a46,1745603648.636071,1745603648.6360729,1.9073486328125e-06,False,Session is closed,0
91,4983a49b-a43c-4450-8fa5-28e35a9ac9b6,3aff8a21-5d58-4588-87ff-876ec4c137ac,1745603648.636085,1745603648.636087,1.9073486328125e-06,False,Session is closed,0
92,74a51605-b0e0-44ac-9731-4671acf86b41,9d80a1d8-5f58-4015-b4cf-7636f9994d95,1745603648.636101,1745603648.636103,1.9073486328125e-06,False,Session is closed,0
93,a4153d72-eda8-4e7f-9510-bf6ff5548162,3a2f7eb0-484a-4d38-983a-9fd83ee4a6e2,1745603648.636114,1745603648.636117,3.0994415283203125e-06,False,Session is closed,0
94,748d887b-435e-4d50-83e9-311c2ef57c52,72b93d1d-72a6-4c1e-b15a-4a689ebe486b,1745603648.6361291,1745603648.636132,2.86102294921875e-06,False,Session is closed,0
95,8ee68dc2-8c67-4911-b8b9-8ea2198d9b90,ed77c0b7-5f3a-4c7a-b1bb-7ee7ed0c8882,1745603648.6361442,1745603648.636147,2.86102294921875e-06,False,Session is closed,0
96,f6382e10-2bec-44af-a42f-01f14d5e73eb,f0c4008d-ca6f-4dec-823a-3bf91a380da8,1745603648.636158,1745603648.636161,3.0994415283203125e-06,False,Session is closed,0
97,b5afe492-ed92-4cd0-aa0c-865b57ce8336,580c4da7-e6aa-4559-84c3-8094fb06bf6b,1745603648.636173,1745603648.6361752,2.1457672119140625e-06,False,Session is closed,0
98,4ecbe75f-ab5a-4a5b-b1f5-12a495ab7919,b4f09372-28e7-4b33-a1c4-71be748ae70f,1745603648.6361868,1745603648.636189,2.1457672119140625e-06,False,Session is closed,0
99,b52de404-5d6d-4a17-af47-26e7b4f195e7,b10abf70-19bd-4d62-b1ba-c63a87c60f2f,1745603648.6362,1745603648.636203,3.0994415283203125e-06,False,Session is closed,0
100,85989296-e479-491e-94c3-cd0d766a03a0,fae9d8e1-a1e9-457d-a737-2f2edf497cba,1745603648.636215,1745603648.636217,2.1457672119140625e-06,False,Session is closed,0
